,Gratian0,Gratian1,dePen,Gratian2
Gratian0,0,3.7880369121972324,4.5586475554602455,3.790723339023083
Gratian1,1.4361322739488562,0,0.36276601666927066,0.5453257688200617
dePen,1.987308208259722,0.45146925500645896,0,0.7672808920392027
Gratian2,1.7184893771121679,0.6277765855821402,0.7904560771321352,0
